District type,District,MPI,Baseline AUC (LR),LR 95% CI,Best ML model,Best ML AUC,ML 95% CI,Difference (AUC),Difference 95% CI,Relative lift %,p corrected t,p DeLong,p cluster bootstrap,Cluster bootstrap 95% CI,p corrected t (Holm),p DeLong (Holm),p cluster bootstrap (Holm),Significant (all three tests)
Federal and Provincial Capitals,Karachi Central,0.02,0.7608694987558191,"[0.741, 0.781]",Random Forest,0.806640356183852,"[0.785, 0.828]",0.04577085742803291,"[+0.023, +0.069]",6.0155989302867106,0.000430384181755258,3.17458730302629e-06,0.0005,"[+0.016, +0.056]",0.001291152545265774,6.34917460605258e-06,0.0045000000000000005,Yes
Federal and Provincial Capitals,Islamabad,0.01,0.7362618514200507,"[0.669, 0.804]",Random Forest,0.814322072673551,"[0.756, 0.873]",0.07806022125350015,"[+0.021, +0.135]",10.602236297173759,0.008962854007911764,2.050842769120747e-05,0.0005,"[+0.031, +0.113]",0.011150559815531745,2.050842769120747e-05,0.0045000000000000005,Yes
Federal and Provincial Capitals,Lahore,0.03,0.780565827755493,"[0.760, 0.801]",Random Forest,0.815705230480448,"[0.796, 0.835]",0.03513940272495475,"[+0.018, +0.052]",4.501785944946841,0.00021398536632906255,5.845726957487834e-13,0.0005,"[+0.024, +0.046]",0.0008559414653162502,2.922863478743917e-12,0.0045000000000000005,Yes
Federal and Provincial Capitals,Quetta,0.2,0.7526035488150433,"[0.729, 0.776]",Random Forest,0.8109193912696583,"[0.784, 0.838]",0.05831584245461503,"[+0.034, +0.083]",7.748547365532884,5.395561276171706e-05,2.0491827730976746e-23,0.0005,"[+0.049, +0.080]",0.0002697780638085853,1.4344279411683723e-22,0.0045000000000000005,Yes
Federal and Provincial Capitals,Peshawar,0.11,0.7615310946830021,"[0.737, 0.786]",Random Forest,0.8247002183722905,"[0.803, 0.846]",0.06316912368928826,"[+0.046, +0.081]",8.295015677013593,9.693771328928057e-08,4.976750336732285e-35,0.0005,"[+0.046, +0.067]",7.755017063142445e-07,4.479075303059056e-34,0.0045000000000000005,Yes
High-Deprivation,Kohistan,0.53,0.846724772668826,"[0.817, 0.876]",Random Forest,0.9088748604252146,"[0.888, 0.930]",0.06215008775638851,"[+0.049, +0.075]",7.340057804201846,7.581496160167104e-10,4.791394544688925e-30,0.0005,"[+0.048, +0.072]",6.8233465441503935e-09,3.83311563575114e-29,0.0045000000000000005,Yes
High-Deprivation,Dera Bugti,0.36,0.7595961314477921,"[0.709, 0.810]",Random Forest,0.8767313066368172,"[0.848, 0.905]",0.11713517518902494,"[+0.074, +0.160]",15.420717712946352,7.92965763964317e-06,6.92792885941632e-21,0.0005,"[+0.095, +0.163]",4.757794583785902e-05,4.1567573156497926e-20,0.0045000000000000005,Yes
High-Deprivation,Rajanpur,0.32,0.8006749900039829,"[0.779, 0.823]",Random Forest,0.8267834741063461,"[0.805, 0.849]",0.02610848410236328,"[+0.008, +0.044]",3.260809245738199,0.005575279907765873,9.348578240247838e-08,0.0005,"[+0.013, +0.040]",0.011150559815531745,2.8045734720743516e-07,0.0045000000000000005,Yes
High-Deprivation,Tharparkar,0.51,0.7125718458388287,"[0.685, 0.740]",Random Forest,0.7670922599028177,"[0.735, 0.799]",0.05452041406398896,"[+0.037, +0.072]",7.651216418718924,1.390928121020874e-06,3.8748601838349905e-11,0.0005,"[+0.041, +0.080]",9.736496847146117e-06,1.5499440735339962e-10,0.0045000000000000005,Yes
