district,model,accuracy,precision_out,recall_out,f1_out,pr_auc_out,f1_attending,auc,auc_weighted,prevalence_out,AUC 95% CI,children,out of school (n)
Karachi Central,Logistic Regression,0.713982559518318,0.4050437972941692,0.6630601882840295,0.5016726641086348,0.4968847045296053,0.7988830648667293,0.7608694987558192,0.7542626405120393,0.21829383961571416,"[0.741, 0.781]",2917,636
Karachi Central,Neural Network,0.7835968980858312,0.5065685951503043,0.5085662356891747,0.5047047005152023,0.5159159490431708,0.8611245694169284,0.7643727585057764,0.759130539383556,0.21829383961571416,"[0.735, 0.793]",2917,636
Karachi Central,Random Forest,0.8019260861066663,0.5576483536637616,0.4742761701950419,0.5094859976890039,0.5643902914449157,0.87572994527362,0.8066403561838521,0.7952256944002756,0.21829383961571416,"[0.785, 0.828]",2917,636
Islamabad,Logistic Regression,0.7828714182273083,0.26275793612366877,0.5774634623467623,0.355372441185625,0.3611088949042572,0.868981442100585,0.7362618514200507,0.744843462379004,0.10548072370328786,"[0.669, 0.804]",1696,179
Islamabad,Neural Network,0.8659180094817855,0.3753497830629644,0.3694295182259465,0.35909342670292643,0.36929547085576325,0.9249068493358524,0.7473806982327943,0.7552722084527942,0.10548072370328786,"[0.677, 0.818]",1696,179
Islamabad,Random Forest,0.8996243321841578,0.5695079365079365,0.1827641296710361,0.2658171122896263,0.4015021362695521,0.9459316431428216,0.814322072673551,0.8132653439914987,0.10548072370328786,"[0.756, 0.873]",1696,179
Lahore,Logistic Regression,0.7493037744395731,0.35255026075171414,0.653460698435126,0.4574025672220432,0.5112138265759423,0.836897132927521,0.780565827755493,0.7750357830323297,0.16186870179482823,"[0.760, 0.801]",7956,1288
Lahore,Neural Network,0.8101573272018865,0.42434605355573646,0.46906580782904805,0.44309054362569483,0.47732237385861914,0.8854090386771308,0.7576117934851858,0.7518299232744228,0.16186870179482823,"[0.734, 0.782]",7956,1288
Lahore,Random Forest,0.857727798897574,0.5901494444992836,0.40292098300472107,0.47723895681451395,0.5521791880704666,0.9176133997908643,0.8157052304804477,0.8105347932032301,0.16186870179482823,"[0.796, 0.835]",7956,1288
Quetta,Logistic Regression,0.6896636508913733,0.54146590599598,0.6893901291093693,0.6060831530847806,0.6313075754346261,0.7431690053418959,0.7526035488150433,0.7441246595731095,0.3476052689454058,"[0.729, 0.776]",3259,1134
Quetta,Neural Network,0.7019660870206121,0.5742641534764426,0.5685699318444023,0.5693479684648686,0.6260669609069943,0.7714041062105264,0.739845973128142,0.7309732793345793,0.3476052689454058,"[0.706, 0.773]",3259,1134
Quetta,Random Forest,0.7581134690261113,0.6625006266639737,0.6204697522770347,0.6400219333087297,0.6977989341981248,0.8174881827802704,0.8109193912696583,0.8127205175107961,0.3476052689454058,"[0.784, 0.838]",3259,1134
Peshawar,Logistic Regression,0.6957032043370911,0.4633702899933532,0.6896635374304716,0.5535017120276264,0.5508448639433844,0.7689787006151524,0.7615310946830021,0.7602978896653149,0.27429996185500677,"[0.737, 0.786]",6315,1732
Peshawar,Neural Network,0.7531777600928307,0.5481641701862028,0.599299383753216,0.5703485264824445,0.592209403753238,0.8264735916171762,0.7897305541284696,0.7870943496714656,0.27429996185500677,"[0.769, 0.810]",6315,1732
Peshawar,Random Forest,0.7736734255899842,0.5813056521569336,0.6321528563323074,0.6045165569686329,0.6367189786814803,0.8413461858590722,0.8247002183722902,0.8242421692375204,0.27429996185500677,"[0.803, 0.846]",6315,1732
Kohistan,Logistic Regression,0.7730288311459169,0.904335088364347,0.7187853746057268,0.8006811196338666,0.903688164669049,0.735656822263647,0.8467247726688261,0.8450521246859579,0.6349132423805135,"[0.817, 0.876]",2604,1653
Kohistan,Neural Network,0.8081804130192249,0.8738770506266988,0.8162859300743803,0.8436364517666786,0.9224778246581274,0.7507896751031465,0.8817587561239847,0.866736557243382,0.6349132423805135,"[0.860, 0.904]",2604,1653
Kohistan,Random Forest,0.8319786356406103,0.9213374805011657,0.8042263164880977,0.8585341759191487,0.9485669191917921,0.792468357790112,0.9088748604252146,0.9016113878620331,0.6349132423805135,"[0.888, 0.930]",2604,1653
Dera Bugti,Logistic Regression,0.7253407435620705,0.894381800299852,0.7364029840825428,0.8071609316081494,0.912911844416562,0.5185766147655663,0.7595961314477921,0.7109050354974962,0.7834553519460649,"[0.709, 0.810]",1270,995
Dera Bugti,Neural Network,0.7701475437272994,0.8840163889881626,0.8143788317490964,0.8466229478216405,0.9160910925084987,0.5343927367504051,0.7917127595209453,0.7624743379611684,0.7834553519460649,"[0.746, 0.837]",1270,995
Dera Bugti,Random Forest,0.8258422046579903,0.9073865213258898,0.8669576395313696,0.8861154113573373,0.9647652250838362,0.6268550903357424,0.8767313066368171,0.8429671526668407,0.7834553519460649,"[0.848, 0.905]",1270,995
Rajanpur,Logistic Regression,0.727101415543091,0.7114302180495123,0.7406611317507082,0.7251191956062165,0.7885600467876978,0.7276669255457334,0.8006749900039829,0.8037705954040821,0.4874227020007062,"[0.779, 0.823]",2833,1380
Rajanpur,Neural Network,0.7172489709478718,0.7191060666808621,0.6930215271474583,0.7042975767752878,0.7781512478352743,0.727890940500094,0.7890173981845285,0.7924506944212755,0.4874227020007062,"[0.766, 0.812]",2833,1380
Rajanpur,Random Forest,0.743994856402625,0.7338536813925406,0.7450306253526024,0.7388465416817732,0.8254255124886825,0.7476439100424709,0.8267834741063461,0.8317982077047951,0.4874227020007062,"[0.805, 0.849]",2833,1380
Tharparkar,Logistic Regression,0.6480423973478844,0.7116174025597757,0.656276888572494,0.6815856323137259,0.7554077633562583,0.604479371378722,0.7125718458388287,0.7126161023046143,0.5758071348905501,"[0.685, 0.740]",1742,1003
Tharparkar,Neural Network,0.6638760828880934,0.7202671520334516,0.6850578030163155,0.6999438233573763,0.7451844686373049,0.6144429806309906,0.7086548438779012,0.7108978848002735,0.5758071348905501,"[0.671, 0.746]",1742,1003
Tharparkar,Random Forest,0.7069269175042229,0.7390075472463014,0.7617432486377225,0.7493413393482191,0.8058779095110777,0.645706038024682,0.7670922599028178,0.7701289466876392,0.5758071348905501,"[0.735, 0.799]",1742,1003
