,Karachi Central,Islamabad,Lahore,Quetta,Peshawar,Kohistan,Dera Bugti,Rajanpur,Tharparkar
age,0.058,0.049,0.052,0.019,0.022,0.052,0.099,0.009,0.045
gender,0.001,0.03,0.028,0.178,0.225,0.555,0.152,0.122,0.212
relationship_to_head,0.109,0.072,0.068,0.099,0.088,0.033,0.033,0.065,0.039
reason_for_headship,0.05,0.072,0.045,0.148,0.058,0.06,0.042,0.076,0.022
residence_status,0.094,0.001,0.027,0.049,0.019,0.069,0.03,0.026,0.004
marital_status,0.049,,0.037,0.03,0.072,0.015,0.021,0.027,0.021
region,,0.005,,0.038,0.128,,0.219,0.248,0.061
born_in_district,0.05,0.011,0.096,0.011,0.0,,,0.056,
born_district_type,0.206,0.145,0.048,0.098,0.127,,,,
migration_reason,0.242,0.216,0.165,0.361,0.299,,,,
can_write,0.088,0.011,0.041,0.255,0.095,0.037,,0.156,0.249
can_do_math,0.281,0.371,0.366,0.453,0.347,0.637,0.49,0.654,0.476
years_to_complete_primary,,,,,,,,,
used_computer,0.161,0.116,0.094,0.182,0.141,0.11,0.034,,0.028
computer_location,0.1,0.087,0.075,0.127,0.267,,,,
no_computer_reason,0.163,0.151,0.096,0.145,0.093,0.075,0.109,0.092,0.128
has_mobile,0.116,0.191,0.071,0.052,0.054,0.028,0.041,0.087,0.061
used_mobile,0.2,0.19,0.147,0.176,0.119,0.073,0.14,0.137,0.151
no_mobile_reason,0.127,0.182,0.135,0.115,0.099,0.11,0.392,0.243,0.222
sick_last_2wks,0.009,0.044,0.027,0.013,0.029,0.099,0.068,0.027,0.033
worked_last_month,0.281,0.312,0.429,0.255,0.286,0.287,0.419,0.458,0.177
work_days_last_month,0.332,,0.031,0.193,0.164,0.174,0.04,0.077,0.046
has_job,0.191,0.262,0.199,0.144,0.133,0.088,0.022,0.003,0.086
employment_status,0.233,,0.548,0.296,0.244,0.168,0.069,0.163,0.13
can_report_income,0.051,,0.407,0.261,0.069,,,0.262,0.071
monthly_income,0.101,,0.089,0.046,0.22,,,,0.047
received_in_kind_income,,,,,,,,,
income_used_for_hh,0.265,0.299,0.408,0.206,0.274,0.041,0.002,0.223,0.149
occupancy_status,0.129,0.211,0.166,0.097,0.087,0.065,0.024,0.084,0.009
house_owner_gender,0.04,0.058,0.058,0.056,0.029,0.053,0.102,0.041,0.026
dwelling_type,0.138,0.061,0.095,0.069,0.054,0.004,0.045,0.045,0.007
num_rooms,0.107,0.098,0.075,0.066,0.056,0.086,0.014,0.045,0.019
heating_fuel,0.076,0.182,0.164,0.087,0.119,0.154,0.249,0.249,0.005
has_internet,0.222,0.197,0.164,0.16,0.111,0.113,0.124,0.103,0.116
has_mobile_phone,0.082,0.157,0.06,0.048,0.048,0.028,0.089,0.005,0.018
has_computer,0.099,0.122,0.072,0.116,0.104,0.095,,0.095,0.076
has_laptop,0.118,0.104,0.1,0.115,0.113,0.104,0.013,0.082,0.056
sufficient_drinking_water,0.104,0.019,0.094,0.043,0.023,0.038,0.073,0.016,0.013
pay_for_water,0.187,0.123,0.121,0.059,0.106,0.028,0.04,0.159,0.047
toilet_type,0.125,0.217,0.159,0.277,0.124,0.127,0.236,0.426,0.193
shared_toilet,0.112,0.175,0.045,0.014,0.036,0.064,0.206,0.337,0.179
connected_to_sewerage,0.125,0.191,0.142,0.156,0.14,0.018,0.223,0.307,
cooking_water_source,0.19,0.2,0.124,0.127,0.11,0.197,0.262,0.256,0.104
handwashing_water_source,0.143,0.181,0.131,0.113,0.114,0.198,0.237,0.319,0.071
has_handwashing_place,0.166,0.165,0.163,0.173,0.127,0.081,0.009,0.11,0.079
worried_about_food,0.186,0.187,0.183,0.129,0.067,0.051,0.045,0.04,0.056
household_ran_out_of_food,0.126,0.155,0.184,0.068,0.061,0.048,0.056,0.053,0.054
hungry_but_did_not_eat,0.127,0.143,0.205,0.053,0.05,0.079,0.06,0.063,0.02
disability,0.029,0.124,0.12,0.039,0.063,0.04,0.008,0.082,0.022
head_age,0.044,0.06,0.013,0.011,0.022,0.015,0.048,0.081,0.044
head_gender,0.015,0.021,0.004,0.025,0.034,0.026,0.021,0.042,0.041
head_edu_level_num,0.296,0.301,0.234,0.232,0.206,0.18,0.231,0.4,0.263
total_assets,0.083,0.019,0.099,0.034,0.002,0.001,0.226,0.229,0.117
property_owner_gender,,,0.07,0.156,0.076,0.038,0.259,0.061,
transport_mode,0.09,0.14,0.081,0.263,0.005,0.134,0.022,0.153,0.107
log_household_income,0.101,0.093,0.067,0.056,0.057,0.038,0.039,0.032,0.121
