,children,household members,households,PSUs,out of school (n),out of school % (unweighted),out of school % (weighted)
Karachi Central,2917,11950,1462,117,636,21.8,20.5
Islamabad,1696,6569,771,50,179,10.6,10.1
Lahore,7956,29516,3524,225,1288,16.2,16.4
Quetta,3259,9905,1113,62,1134,34.8,34.8
Peshawar,6315,19239,2037,90,1732,27.4,25.0
Kohistan,2604,7627,943,54,1653,63.5,60.3
Dera Bugti,1270,2861,455,19,995,78.3,68.4
Rajanpur,2833,7805,1012,44,1380,48.7,48.0
Tharparkar,1742,5076,675,36,1003,57.6,56.1
