predictor,district,recorded % (attending),recorded % (out of school),association
Can do math,Dera Bugti,42.54545454545455,50.150753768844226,0.49
Can do math,Islamabad,55.10876730388925,61.452513966480446,0.371
Can do math,Karachi Central,53.96755808855765,58.9622641509434,0.281
Can do math,Kohistan,51.840168243953734,46.037507562008464,0.637
Can do math,Lahore,55.008998200359926,60.32608695652174,0.366
Can do math,Peshawar,52.56382282347807,53.290993071593526,0.347
Can do math,Quetta,52.89411764705883,58.28924162257496,0.453
Can do math,Rajanpur,46.86854783207158,46.01449275362319,0.654
Can do math,Tharparkar,43.5723951285521,48.05583250249252,0.476
Can write,Dera Bugti,26.545454545454543,2.9145728643216082,
Can write,Islamabad,54.64733025708636,36.312849162011176,0.011
Can write,Karachi Central,52.21394125383604,30.50314465408805,0.088
Can write,Kohistan,40.37854889589905,5.021173623714459,0.037
Can write,Lahore,53.65926814637073,29.891304347826086,0.041
Can write,Peshawar,46.27972943486799,17.725173210161664,0.095
Can write,Quetta,51.435294117647054,22.39858906525573,0.255
Can write,Rajanpur,46.66207845836201,10.144927536231885,0.156
Can write,Tharparkar,40.73071718538566,5.383848454636091,0.249
Years to complete primary,Dera Bugti,0.0,0.6030150753768844,
Years to complete primary,Islamabad,0.0,42.45810055865922,
Years to complete primary,Karachi Central,0.0,32.70440251572327,
Years to complete primary,Kohistan,0.0,5.081669691470054,
Years to complete primary,Lahore,0.0,31.133540372670808,
Years to complete primary,Peshawar,0.0,20.958429561200923,
Years to complete primary,Quetta,0.0,15.255731922398589,
Years to complete primary,Rajanpur,0.0,9.492753623188406,
Years to complete primary,Tharparkar,0.0,5.682951146560319,
